2026-04-27T11:33:24.619538	user-186@adverb.in	read	evidence/123
2026-04-26T15:14:24.619542	user-209@adverb.in	create	policy/AUP
2026-04-27T03:29:24.619545	user-679@adverb.in	delete	evidence/123
2026-04-27T11:20:24.619547	user-224@adverb.in	list	policy/AUP
2026-04-26T13:28:24.619550	user-309@adverb.in	list	control/CC6.1
2026-04-26T18:13:24.619553	user-858@adverb.in	delete	control/CC6.1
2026-04-27T05:47:24.619555	user-791@adverb.in	update	evidence/123
2026-04-26T15:58:24.619558	user-418@adverb.in	read	vendor/aws
2026-04-26T16:07:24.619563	user-804@adverb.in	update	policy/AUP
2026-04-27T11:07:24.619566	user-100@adverb.in	update	policy/AUP
2026-04-26T19:40:24.619568	user-199@adverb.in	update	control/CC6.1
2026-04-27T09:52:24.619571	user-585@adverb.in	read	vendor/aws
2026-04-27T00:04:24.619574	user-156@adverb.in	read	evidence/123
2026-04-26T23:36:24.619576	user-595@adverb.in	update	control/CC6.1
2026-04-26T18:45:24.619579	user-366@adverb.in	list	vendor/aws